{"mockup":{"controls":{"control":[{"ID":"38","h":"67","measuredH":"66","measuredW":"14","properties":{"color":"2848996","curvature":"1","direction":"top","leftArrow":"false","p0":{"x":0,"y":0},"p1":{"x":0.510715363718684,"y":0.13884696649562314},"p2":{"x":9,"y":66},"rightArrow":"false","shape":"bezier"},"typeID":"Arrow","w":"15","x":"658","y":"277","zOrder":"80"},{"ID":"49","h":"59","measuredH":"58","measuredW":"110","properties":{"color":"2848996","curvature":"-1","direction":"top","leftArrow":"false","p0":{"x":110,"y":58,"length":124.35433245367851},"p1":{"x":0.45522128005575574,"y":-0.054942502032756434,"length":0.45852490918729844},"p2":{"x":0,"y":0,"length":0},"rightArrow":"false","shape":"bezier","stroke":"dotted"},"typeID":"Arrow","w":"111","x":"432","y":"289","zOrder":"76"},{"ID":"53","h":"55","measuredH":"140","measuredW":"200","properties":{"color":"16776960"},"typeID":"TextArea","w":"250","x":"543","y":"329","zOrder":"81"},{"ID":"54","measuredH":"40","measuredW":"149","properties":{"bold":"true","size":"32","text":"Front-end"},"typeID":"Label","x":"563","y":"121","zOrder":"82"},{"ID":"55","h":"74","measuredH":"73","measuredW":"18","properties":{"color":"2848996","curvature":"-1","direction":"bottom","leftArrow":"false","p0":{"length":8,"x":8,"y":0},"p1":{"length":0.4979530082684307,"x":0.45894941634241254,"y":0.19319066147859923},"p2":{"length":73,"x":0,"y":73},"rightArrow":"false","shape":"bezier","stroke":"dotted"},"typeID":"Arrow","w":"19","x":"637","y":"47","zOrder":"83"},{"ID":"56","h":"61","measuredH":"60","measuredW":"15","properties":{"color":"2848996","curvature":"-1","direction":"top","leftArrow":"false","p0":{"length":2,"x":2,"y":0},"p1":{"length":0.4752342503759216,"x":0.46391752577319545,"y":-0.1030927835051546},"p2":{"length":61.84658438426491,"x":15,"y":60},"rightArrow":"false","shape":"bezier"},"typeID":"Arrow","w":"16","x":"626","y":"177","zOrder":"84"},{"ID":"57","measuredH":"26","measuredW":"147","properties":{"bold":"true","size":"18","text":"Learn the Basics"},"typeID":"Label","x":"589","y":"244","zOrder":"85"},{"ID":"91","measuredH":"32","measuredW":"32","properties":{"color":"10027263","icon":{"ID":"github","size":"medium"}},"typeID":"Icon","x":"920","y":"81","zOrder":"87"},{"ID":"92","measuredH":"25","measuredW":"295","properties":{"bold":"true","color":"10027263","size":"17","text":"kamranahmedse/developer-roadmap"},"typeID":"Label","x":"959","y":"85","zOrder":"88"},{"ID":"191","measuredH":"32","measuredW":"32","properties":{"color":"10027263","icon":{"ID":"twitter","size":"medium"}},"typeID":"Icon","x":"920","y":"127","zOrder":"89"},{"ID":"192","measuredH":"25","measuredW":"133","properties":{"bold":"true","color":"10027263","size":"17","text":"kamranahmedse"},"typeID":"Label","x":"960","y":"132","zOrder":"90"},{"ID":"328","h":"14","measuredH":"13","measuredW":"114","properties":{"color":"2848996","curvature":"0","direction":"top","leftArrow":"false","p0":{"x":114,"y":13,"length":114.73883387938018},"p1":{"x":0.46527893422148237,"y":-0.0013322231473772803,"length":0.4652808414804901},"p2":{"x":0,"y":0,"length":0},"rightArrow":"false","shape":"bezier","stroke":"dotted"},"typeID":"Arrow","w":"115","x":"431","y":"338","zOrder":"79"},{"ID":"329","h":"23","measuredH":"22","measuredW":"111","properties":{"color":"2848996","curvature":"-1","direction":"bottom","leftArrow":"false","p0":{"x":111,"y":0,"length":111},"p1":{"x":0.4453729012104649,"y":0.01983600156188987,"length":0.44581440991806204},"p2":{"x":0,"y":22,"length":22},"rightArrow":"false","shape":"bezier","stroke":"dotted"},"typeID":"Arrow","w":"112","x":"434","y":"361","zOrder":"78"},{"ID":"332","h":"58","measuredH":"57","measuredW":"111","properties":{"color":"2848996","curvature":"-1","direction":"bottom","leftArrow":"false","p0":{"x":111,"y":0,"length":111},"p1":{"x":0.47938350680544434,"y":0.06064851881505207,"length":0.48320470758421347},"p2":{"x":0,"y":57,"length":57},"rightArrow":"false","shape":"bezier","stroke":"dotted"},"typeID":"Arrow","w":"112","x":"430","y":"371","zOrder":"77"},{"ID":"341","h":"50","measuredH":"140","measuredW":"200","properties":{"color":"16776960"},"typeID":"TextArea","w":"250","x":"543","y":"391","zOrder":"99"},{"ID":"342","measuredH":"25","measuredW":"35","properties":{"bold":"true","size":"17","text":"CSS"},"typeID":"Label","x":"651","y":"404","zOrder":"100"},{"ID":"355","measuredH":"25","measuredW":"131","properties":{"size":"17","text":"Learn the basics"},"typeID":"Label","w":"134","x":"241","y":"277","zOrder":"92"},{"ID":"356","h":"40","measuredH":"140","measuredW":"200","properties":{"color":"16770457"},"typeID":"TextArea","w":"270","x":"173","y":"316","zOrder":"93"},{"ID":"357","measuredH":"25","measuredW":"186","properties":{"size":"17","text":"Writing Semantic HTML"},"typeID":"Label","w":"189","x":"214","y":"324","zOrder":"94"},{"ID":"358","h":"40","measuredH":"140","measuredW":"200","properties":{"color":"16770457"},"typeID":"TextArea","w":"270","x":"173","y":"362","zOrder":"95"},{"ID":"359","measuredH":"25","measuredW":"83","properties":{"size":"17","text":"Basic SEO"},"typeID":"Label","w":"84","x":"266","y":"370","zOrder":"96"},{"ID":"360","h":"40","measuredH":"140","measuredW":"200","properties":{"color":"16770457"},"typeID":"TextArea","w":"270","x":"173","y":"409","zOrder":"97"},{"ID":"361","measuredH":"25","measuredW":"97","properties":{"size":"17","text":"Accessibility"},"typeID":"Label","w":"100","x":"258","y":"417","zOrder":"98"},{"ID":"437","measuredH":"25","measuredW":"48","properties":{"bold":"true","size":"17","text":"HTML"},"typeID":"Label","x":"644","y":"344","zOrder":"86"},{"ID":"498","h":"50","measuredH":"140","measuredW":"200","properties":{"color":"16776960"},"typeID":"TextArea","w":"250","x":"543","y":"450","zOrder":"117"},{"ID":"499","measuredH":"25","measuredW":"168","properties":{"bold":"true","size":"17","text":"Basics of JavaScript"},"typeID":"Label","x":"584","y":"463","zOrder":"118"},{"ID":"504","h":"58","measuredH":"57","measuredW":"97","properties":{"color":"2848996","curvature":"0","direction":"bottom","leftArrow":"false","p0":{"x":97,"y":0},"p1":{"x":0.4929203539823005,"y":-0.0061946902654867846},"p2":{"x":0,"y":57},"rightArrow":"false","shape":"bezier","stroke":"dotted"},"typeID":"Arrow","w":"98","x":"787","y":"352","zOrder":"75"},{"ID":"505","h":"15","measuredH":"14","measuredW":"108","properties":{"color":"2848996","curvature":"0","direction":"bottom","leftArrow":"false","p0":{"x":108,"y":0},"p1":{"x":0.4532883642495784,"y":-0.0032040472175379428},"p2":{"x":0,"y":14},"rightArrow":"false","shape":"bezier","stroke":"dotted"},"typeID":"Arrow","w":"109","x":"788","y":"401","zOrder":"74"},{"ID":"506","h":"38","measuredH":"37","measuredW":"96","properties":{"color":"2848996","curvature":"-1","direction":"top","leftArrow":"false","p0":{"x":96,"y":37},"p1":{"x":0.48822006197733175,"y":-0.011249310183809523},"p2":{"x":0,"y":0},"rightArrow":"false","shape":"bezier","stroke":"dotted"},"typeID":"Arrow","w":"97","x":"787","y":"417","zOrder":"73"},{"ID":"507","h":"84","measuredH":"83","measuredW":"107","properties":{"color":"2848996","curvature":"1","direction":"top","leftArrow":"false","p0":{"x":107,"y":83},"p1":{"x":0.5177263969171484,"y":0.015221579961464355},"p2":{"x":0,"y":0},"rightArrow":"false","shape":"bezier","stroke":"dotted"},"typeID":"Arrow","w":"108","x":"787","y":"420","zOrder":"72"},{"ID":"508","h":"40","measuredH":"140","measuredW":"200","properties":{"color":"16770457"},"typeID":"TextArea","w":"270","x":"173","y":"473","zOrder":"119"},{"ID":"509","measuredH":"25","measuredW":"228","properties":{"size":"17","text":"Syntax and Basic Constructs"},"typeID":"Label","w":"228","x":"194","y":"481","zOrder":"120"},{"ID":"510","h":"40","measuredH":"140","measuredW":"200","properties":{"color":"16770457"},"typeID":"TextArea","w":"270","x":"173","y":"519","zOrder":"121"},{"ID":"511","measuredH":"25","measuredW":"190","properties":{"size":"17","text":"Learn DOM Manipulation"},"typeID":"Label","w":"197","x":"210","y":"527","zOrder":"122"},{"ID":"517","h":"40","measuredH":"140","measuredW":"200","properties":{"color":"16770457"},"typeID":"TextArea","w":"270","x":"174","y":"566","zOrder":"127"},{"ID":"518","measuredH":"25","measuredW":"230","properties":{"size":"17","text":"Learn Fetch API / Ajax (XHR)"},"typeID":"Label","w":"234","x":"192","y":"574","zOrder":"128"},{"ID":"519","h":"40","measuredH":"140","measuredW":"200","properties":{"color":"16770457"},"typeID":"TextArea","w":"270","x":"174","y":"614","zOrder":"129"},{"ID":"520","measuredH":"25","measuredW":"232","properties":{"size":"17","text":"ES6+ and modular JavaScript"},"typeID":"Label","w":"234","x":"192","y":"622","zOrder":"130"},{"ID":"521","h":"34","measuredH":"33","measuredW":"122","properties":{"color":"2848996","curvature":"0","direction":"bottom","leftArrow":"false","p0":{"x":122,"y":0},"p1":{"x":0.4501850789844117,"y":0.00928001668317606},"p2":{"x":0,"y":33},"rightArrow":"false","shape":"bezier","stroke":"dotted"},"typeID":"Arrow","w":"123","x":"429","y":"465","zOrder":"71"},{"ID":"522","h":"82","measuredH":"81","measuredW":"127","properties":{"color":"2848996","curvature":"0","direction":"bottom","leftArrow":"false","p0":{"x":127,"y":0},"p1":{"x":0.4682571775171856,"y":0.0018196522442377678},"p2":{"x":0,"y":81},"rightArrow":"false","shape":"bezier","stroke":"dotted"},"typeID":"Arrow","w":"128","x":"429","y":"463","zOrder":"70"},{"ID":"523","h":"120","measuredH":"119","measuredW":"118","properties":{"color":"2848996","curvature":"0","direction":"bottom","leftArrow":"false","p0":{"x":118,"y":0},"p1":{"x":0.46376334167874556,"y":-0.00612728949795757},"p2":{"x":0,"y":119},"rightArrow":"false","shape":"bezier","stroke":"dotted"},"typeID":"Arrow","w":"119","x":"434","y":"469","zOrder":"69"},{"ID":"526","h":"158","measuredH":"157","measuredW":"120","properties":{"color":"2848996","curvature":"0","direction":"bottom","leftArrow":"false","p0":{"x":120,"y":0},"p1":{"x":0.4668678363711581,"y":0.0018494634122599956},"p2":{"x":0,"y":157},"rightArrow":"false","shape":"bezier","stroke":"dotted"},"typeID":"Arrow","w":"121","x":"431","y":"481","zOrder":"68"},{"ID":"527","h":"213","measuredH":"212","measuredW":"129","properties":{"color":"2848996","curvature":"0","direction":"bottom","leftArrow":"false","p0":{"x":129,"y":0},"p1":{"x":0.4758909351829711,"y":0.002176512795981883},"p2":{"x":0,"y":212},"rightArrow":"false","shape":"bezier","stroke":"dotted"},"typeID":"Arrow","w":"130","x":"428","y":"488","zOrder":"67"},{"ID":"530","h":"251","measuredH":"250","measuredW":"50","properties":{"color":"2848996","curvature":"-1","direction":"top","leftArrow":"false","p0":{"x":33,"y":0},"p1":{"x":0.4890347035308732,"y":-0.16125435984009936},"p2":{"x":50,"y":250},"rightArrow":"false","shape":"bezier"},"typeID":"Arrow","w":"51","x":"595","y":"499","zOrder":"66"},{"ID":"531","h":"50","measuredH":"140","measuredW":"200","properties":{"color":"16776960"},"typeID":"TextArea","w":"250","x":"540","y":"734","zOrder":"131"},{"ID":"532","measuredH":"25","measuredW":"150","properties":{"bold":"true","size":"17","text":"Package Managers"},"typeID":"Label","x":"590","y":"747","zOrder":"132"},{"ID":"533","h":"40","measuredH":"140","measuredW":"200","properties":{"color":"16776960"},"typeID":"TextArea","w":"106","x":"767","y":"575","zOrder":"133"},{"ID":"534","measuredH":"25","measuredW":"33","properties":{"size":"17","text":"npm"},"typeID":"Label","w":"33","x":"804","y":"583","zOrder":"134"},{"ID":"535","h":"40","measuredH":"140","measuredW":"200","properties":{"color":"16776960"},"typeID":"TextArea","w":"106","x":"767","y":"620","zOrder":"135"},{"ID":"536","measuredH":"25","measuredW":"33","properties":{"size":"17","text":"yarn"},"typeID":"Label","w":"33","x":"804","y":"628","zOrder":"136"},{"ID":"548","h":"88","measuredH":"140","measuredW":"200","properties":{"color":"3355443"},"typeID":"TextArea","w":"439","x":"885","y":"574","zOrder":"137"},{"ID":"549","measuredH":"25","measuredW":"402","properties":{"color":"15658734","size":"17","text":"{color:yellow}npm{color} improved a lot, post v5+, but is still behind yarn"},"typeID":"Label","w":"403","x":"905","y":"589","zOrder":"138"},{"ID":"550","measuredH":"25","measuredW":"390","properties":{"color":"15658734","size":"17","text":"in some features; nothing serious though. Pick any!"},"typeID":"Label","w":"395","x":"905","y":"619","zOrder":"139"},{"ID":"554","h":"124","measuredH":"123","measuredW":"33","properties":{"color":"2848996","curvature":"-1","direction":"bottom","leftArrow":"false","p0":{"x":20,"y":0},"p1":{"x":0.47600574536258394,"y":0.18099119780988743},"p2":{"x":0,"y":123},"rightArrow":"false","shape":"bezier"},"typeID":"Arrow","w":"34","x":"634","y":"765","zOrder":"65"},{"ID":"555","h":"50","measuredH":"140","measuredW":"200","properties":{"color":"16776960"},"typeID":"TextArea","w":"250","x":"465","y":"876","zOrder":"140"},{"ID":"556","measuredH":"25","measuredW":"165","properties":{"bold":"true","size":"17","text":"CSS Pre-processors"},"typeID":"Label","x":"508","y":"889","zOrder":"141"},{"ID":"563","h":"49","measuredH":"48","measuredW":"149","properties":{"color":"2848996","curvature":"-1","direction":"top","leftArrow":"false","p0":{"x":149,"y":48,"length":156.54072952429985},"p1":{"x":0.5145547945205479,"y":-0.017979452054794468,"length":0.5148688155834201},"p2":{"x":0,"y":0,"length":0},"rightArrow":"false","shape":"bezier","stroke":"dotted"},"typeID":"Arrow","w":"150","x":"333","y":"853","zOrder":"63"},{"ID":"564","h":"5","measuredH":"4","measuredW":"159","properties":{"color":"2848996","curvature":"0","direction":"top","leftArrow":"false","p0":{"x":159,"y":4,"length":159.05030650709227},"p1":{"x":0.4501850789844111,"y":0.009280016683176075,"length":0.4502807169420433},"p2":{"x":0,"y":0,"length":0},"rightArrow":"false","shape":"bezier","stroke":"dotted"},"typeID":"Arrow","w":"160","x":"320","y":"898","zOrder":"64"},{"ID":"565","h":"34","measuredH":"33","measuredW":"148","properties":{"color":"2848996","curvature":"-1","direction":"bottom","leftArrow":"false","p0":{"x":148,"y":0,"length":148},"p1":{"x":0.45079101868865695,"y":0.021400080670461157,"length":0.4512986882133154},"p2":{"x":0,"y":33,"length":33},"rightArrow":"false","shape":"bezier","stroke":"dotted"},"typeID":"Arrow","w":"149","x":"333","y":"906","zOrder":"62"},{"ID":"574","children":{"controls":{"control":[{"ID":"0","h":"40","measuredH":"140","measuredW":"200","properties":{"color":"16776960"},"typeID":"TextArea","w":"146","x":"0","y":"0","zOrder":"0"},{"ID":"1","measuredH":"25","measuredW":"46","properties":{"size":"17","text":"SASS"},"typeID":"Label","w":"46","x":"50","y":"8","zOrder":"1"}]}},"h":"40","measuredH":"40","measuredW":"146","typeID":"__group__","w":"146","x":"201","y":"832","zOrder":"142"},{"ID":"576","children":{"controls":{"control":[{"ID":"0","h":"40","measuredH":"140","measuredW":"200","properties":{"color":"15658734"},"typeID":"TextArea","w":"146","x":"0","y":"0","zOrder":"0"},{"ID":"1","measuredH":"25","measuredW":"38","properties":{"size":"17","text":"Less"},"typeID":"Label","w":"42","x":"52","y":"8","zOrder":"1"}]}},"h":"40","measuredH":"40","measuredW":"146","typeID":"__group__","w":"146","x":"201","y":"923","zOrder":"145"},{"ID":"577","h":"50","measuredH":"140","measuredW":"200","properties":{"color":"16776960"},"typeID":"TextArea","w":"250","x":"557","y":"1009","zOrder":"151"},{"ID":"578","measuredH":"25","measuredW":"136","properties":{"bold":"true","size":"17","text":"CSS Frameworks"},"typeID":"Label","x":"614","y":"1022","zOrder":"152"},{"ID":"579","h":"107","measuredH":"106","measuredW":"33","properties":{"color":"2848996","curvature":"-1","direction":"top","leftArrow":"false","p0":{"x":22,"y":0},"p1":{"x":0.5204368174726989,"y":-0.25273010920436817},"p2":{"x":33,"y":106},"rightArrow":"false","shape":"bezier"},"typeID":"Arrow","w":"34","x":"596","y":"909","zOrder":"61"},{"ID":"598","h":"71","measuredH":"70","measuredW":"201","properties":{"color":"2848996","curvature":"0","direction":"bottom","leftArrow":"false","p0":{"x":201,"y":0,"length":201},"p1":{"x":0.4540175149248531,"y":-0.0022997049873399802,"length":0.4540233391595282},"p2":{"x":0,"y":70,"length":70},"rightArrow":"false","shape":"bezier","stroke":"dotted"},"typeID":"Arrow","w":"202","x":"797","y":"960","zOrder":"60"},{"ID":"599","children":{"controls":{"control":[{"ID":"0","children":{"controls":{"control":[{"ID":"0","h":"41","measuredH":"140","measuredW":"200","properties":{"color":"16776960"},"typeID":"TextArea","w":"196","x":"0","y":"0","zOrder":"0"},{"ID":"1","measuredH":"25","measuredW":"74","properties":{"size":"17","text":"Bootstrap"},"typeID":"Label","w":"72","x":"62","y":"8","zOrder":"1"}]}},"h":"41","measuredH":"41","measuredW":"196","typeID":"__group__","w":"196","x":"0","y":"0","zOrder":"0"},{"ID":"1","children":{"controls":{"control":[{"ID":"0","h":"41","measuredH":"140","measuredW":"200","properties":{"color":"16770457"},"typeID":"TextArea","w":"196","x":"0","y":"0","zOrder":"0"},{"ID":"1","measuredH":"25","measuredW":"124","properties":{"size":"17","text":"Materialize CSS"},"typeID":"Label","w":"128","x":"34","y":"8","zOrder":"1"}]}},"h":"41","measuredH":"41","measuredW":"196","typeID":"__group__","w":"196","x":"0","y":"48","zOrder":"1"},{"ID":"2","children":{"controls":{"control":[{"ID":"0","h":"41","measuredH":"140","measuredW":"200","properties":{"color":"16770457"},"typeID":"TextArea","w":"196","x":"0","y":"0","zOrder":"0"},{"ID":"1","measuredH":"25","measuredW":"47","properties":{"size":"17","text":"Bulma"},"typeID":"Label","w":"48","x":"74","y":"8","zOrder":"1"}]}},"h":"41","measuredH":"41","measuredW":"196","typeID":"__group__","w":"196","x":"0","y":"95","zOrder":"2"},{"ID":"3","children":{"controls":{"control":[{"ID":"0","h":"41","measuredH":"140","measuredW":"200","properties":{"color":"16770457"},"typeID":"TextArea","w":"196","x":"0","y":"0","zOrder":"0"},{"ID":"1","measuredH":"25","measuredW":"96","properties":{"size":"17","text":"Semantic UI"},"typeID":"Label","w":"97","x":"50","y":"8","zOrder":"1"}]}},"h":"41","measuredH":"41","measuredW":"196","typeID":"__group__","w":"196","x":"0","y":"143","zOrder":"3"}]}},"h":"184","measuredH":"184","measuredW":"196","typeID":"__group__","w":"196","x":"982","y":"942","zOrder":"153"},{"ID":"601","h":"162","measuredH":"161","measuredW":"92","properties":{"color":"2848996","curvature":"1","direction":"bottom","leftArrow":"false","p0":{"x":92,"y":0},"p1":{"x":0.4879820026048862,"y":-0.11370722658562568},"p2":{"x":0,"y":161},"rightArrow":"false","shape":"bezier","stroke":"dotted"},"typeID":"Arrow","w":"93","x":"686","y":"592","zOrder":"59"},{"ID":"602","h":"107","measuredH":"106","measuredW":"80","properties":{"color":"2848996","curvature":"1","direction":"bottom","leftArrow":"false","p0":{"x":80,"y":0},"p1":{"x":0.4879820026048862,"y":-0.11370722658562568},"p2":{"x":0,"y":106},"rightArrow":"false","shape":"bezier","stroke":"dotted"},"typeID":"Arrow","w":"81","x":"710","y":"638","zOrder":"58"},{"ID":"603","h":"87","measuredH":"86","measuredW":"233","properties":{"color":"10027263","curvature":"1","direction":"bottom","leftArrow":"false","p0":{"x":233,"y":0},"p1":{"x":0.5070114290346114,"y":-0.07984112831320418},"p2":{"x":0,"y":86},"rightArrow":"false","shape":"bezier","stroke":"dotted"},"typeID":"Arrow","w":"234","x":"702","y":"808","zOrder":"57"},{"ID":"604","h":"27","measuredH":"26","measuredW":"212","properties":{"color":"2848996","curvature":"0","direction":"bottom","leftArrow":"false","p0":{"x":212,"y":0,"length":212},"p1":{"x":0.4540175149248532,"y":-0.002299704987339999,"length":0.4540233391595283},"p2":{"x":0,"y":26,"length":26},"rightArrow":"false","shape":"bezier","stroke":"dotted"},"typeID":"Arrow","w":"213","x":"793","y":"1011","zOrder":"56"},{"ID":"605","h":"15","measuredH":"14","measuredW":"221","properties":{"color":"2848996","curvature":"0","direction":"top","leftArrow":"false","p0":{"x":221,"y":14},"p1":{"x":0.45401751492485337,"y":-0.002299704987340005},"p2":{"x":0,"y":0},"rightArrow":"false","shape":"bezier","stroke":"dotted"},"typeID":"Arrow","w":"222","x":"791","y":"1041","zOrder":"54"},{"ID":"606","h":"60","measuredH":"59","measuredW":"221","properties":{"color":"2848996","curvature":"0","direction":"top","leftArrow":"false","p0":{"x":221,"y":59,"length":228.74002710500844},"p1":{"x":0.45401751492485287,"y":-0.0022997049873399265,"length":0.45402333915952797},"p2":{"x":0,"y":0,"length":0},"rightArrow":"false","shape":"bezier","stroke":"dotted"},"typeID":"Arrow","w":"222","x":"785","y":"1045","zOrder":"55"},{"ID":"607","h":"50","measuredH":"140","measuredW":"200","properties":{"color":"16776960"},"typeID":"TextArea","w":"250","x":"445","y":"1111","zOrder":"154"},{"ID":"608","measuredH":"25","measuredW":"142","properties":{"bold":"true","size":"17","text":"CSS Architecture"},"typeID":"Label","x":"499","y":"1124","zOrder":"155"},{"ID":"609","h":"80","measuredH":"79","measuredW":"23","properties":{"color":"2848996","curvature":"1","direction":"bottom","leftArrow":"false","p0":{"x":0,"y":79},"p1":{"x":0.468398677373642,"y":-0.21530467642890883},"p2":{"x":13,"y":0},"rightArrow":"false","shape":"bezier","text":""},"typeID":"Arrow","w":"24","x":"634","y":"1047","zOrder":"53"},{"ID":"613","h":"40","measuredH":"140","measuredW":"200","properties":{"color":"16776960"},"typeID":"TextArea","w":"146","x":"168","y":"1071","zOrder":"156"},{"ID":"614","measuredH":"25","measuredW":"35","properties":{"size":"17","text":"BEM"},"typeID":"Label","w":"35","x":"224","y":"1079","zOrder":"157"},{"ID":"615","h":"40","measuredH":"140","measuredW":"200","properties":{"color":"16770457"},"typeID":"TextArea","w":"146","x":"168","y":"1162","zOrder":"158"},{"ID":"616","measuredH":"25","measuredW":"70","properties":{"size":"17","text":"SMACSS"},"typeID":"Label","w":"69","x":"207","y":"1170","zOrder":"159"},{"ID":"617","h":"40","measuredH":"140","measuredW":"200","properties":{"color":"16770457"},"typeID":"TextArea","w":"146","x":"168","y":"1116","zOrder":"160"},{"ID":"618","measuredH":"25","measuredW":"62","properties":{"size":"17","text":"OOCSS"},"typeID":"Label","w":"65","x":"209","y":"1124","zOrder":"161"},{"ID":"627","h":"44","measuredH":"43","measuredW":"165","properties":{"color":"2848996","curvature":"-1","direction":"top","leftArrow":"false","p0":{"x":165,"y":43,"length":170.51099671282202},"p1":{"x":0.5145547945205479,"y":-0.017979452054794544,"length":0.5148688155834201},"p2":{"x":0,"y":0,"length":0},"rightArrow":"false","shape":"bezier","stroke":"dotted"},"typeID":"Arrow","w":"166","x":"287","y":"1090","zOrder":"52"},{"ID":"628","h":"6","measuredH":"5","measuredW":"170","properties":{"color":"2848996","curvature":"-1","direction":"top","leftArrow":"false","p0":{"x":170,"y":5,"length":170.07351351694948},"p1":{"x":0.514554794520548,"y":-0.017979452054794513,"length":0.5148688155834202},"p2":{"x":0,"y":2,"length":2},"rightArrow":"false","shape":"bezier","stroke":"dotted"},"typeID":"Arrow","w":"171","x":"281","y":"1138","zOrder":"51"},{"ID":"629","h":"37","measuredH":"36","measuredW":"169","properties":{"color":"2848996","curvature":"1","direction":"bottom","leftArrow":"false","p0":{"x":169,"y":0,"length":169},"p1":{"x":0.5145547945205478,"y":-0.01797945205479484,"length":0.51486881558342},"p2":{"x":0,"y":36,"length":36},"rightArrow":"false","shape":"bezier","stroke":"dotted"},"typeID":"Arrow","w":"170","x":"288","y":"1148","zOrder":"50"},{"ID":"635","h":"40","measuredH":"140","measuredW":"200","properties":{"color":"16770457"},"typeID":"TextArea","w":"270","x":"173","y":"269","zOrder":"91"},{"ID":"636","measuredH":"10","measuredW":"100","properties":{"color":"10027263"},"typeID":"HRule","x":"1126","y":"398","zOrder":"101"},{"ID":"637","h":"185","measuredH":"140","measuredW":"200","properties":{"color":"16770457"},"typeID":"TextArea","w":"116","x":"1195","y":"336","zOrder":"102"},{"ID":"640","h":"42","measuredH":"140","measuredW":"200","properties":{"color":"16770457"},"typeID":"TextArea","w":"297","x":"875","y":"480","zOrder":"107"},{"ID":"641","measuredH":"25","measuredW":"101","properties":{"size":"17","text":"Learn CSS 3"},"typeID":"Label","w":"106","x":"971","y":"489","zOrder":"108"},{"ID":"642","measuredH":"25","measuredW":"46","properties":{"size":"17","text":"Floats"},"typeID":"Label","x":"1230","y":"349","zOrder":"109"},{"ID":"644","measuredH":"25","measuredW":"84","properties":{"size":"17","text":"Positioning"},"typeID":"Label","x":"1211","y":"376","zOrder":"112"},{"ID":"645","measuredH":"25","measuredW":"56","properties":{"size":"17","text":"Display"},"typeID":"Label","x":"1225","y":"403","zOrder":"113"},{"ID":"646","measuredH":"25","measuredW":"79","properties":{"size":"17","text":"Box Model"},"typeID":"Label","x":"1214","y":"430","zOrder":"114"},{"ID":"647","measuredH":"25","measuredW":"73","properties":{"size":"17","text":"CSS Grid"},"typeID":"Label","x":"1217","y":"457","zOrder":"115"},{"ID":"648","measuredH":"25","measuredW":"65","properties":{"size":"17","text":"Flex Box"},"typeID":"Label","x":"1221","y":"484","zOrder":"116"},{"ID":"649","h":"43","measuredH":"140","measuredW":"200","properties":{"color":"16770457"},"typeID":"TextArea","w":"297","x":"875","y":"333","zOrder":"103"},{"ID":"650","measuredH":"25","measuredW":"131","properties":{"size":"17","text":"Learn the basics"},"typeID":"Label","w":"140","x":"954","y":"342","zOrder":"104"},{"ID":"651","h":"47","measuredH":"140","measuredW":"200","properties":{"color":"16770457"},"typeID":"TextArea","w":"298","x":"874","y":"381","zOrder":"105"},{"ID":"652","measuredH":"25","measuredW":"122","properties":{"size":"17","text":"Making Layouts"},"typeID":"Label","w":"130","x":"959","y":"392","zOrder":"106"},{"ID":"653","h":"43","measuredH":"140","measuredW":"200","properties":{"color":"16770457"},"typeID":"TextArea","w":"297","x":"875","y":"432","zOrder":"110"},{"ID":"654","measuredH":"25","measuredW":"113","properties":{"size":"17","text":"Media Queries"},"typeID":"Label","w":"123","x":"963","y":"441","zOrder":"111"},{"ID":"655","h":"145","measuredH":"140","measuredW":"200","properties":{"color":"16770457"},"typeID":"TextArea","w":"270","x":"174","y":"663","zOrder":"123"},{"ID":"657","h":"40","measuredH":"140","measuredW":"200","properties":{"color":"16770457"},"typeID":"TextArea","w":"146","x":"201","y":"878","zOrder":"143"},{"ID":"658","measuredH":"25","measuredW":"70","properties":{"size":"17","text":"PostCSS"},"typeID":"Label","w":"69","x":"240","y":"886","zOrder":"144"},{"ID":"660","h":"154","measuredH":"140","measuredW":"200","properties":{"color":"3355443","text":""},"typeID":"TextArea","w":"447","x":"879","y":"724","zOrder":"146"},{"ID":"662","measuredH":"25","measuredW":"401","properties":{"color":"15658734","size":"17","text":"PostCSS is not a pre-processor but can be used as"},"typeID":"Label","w":"403","x":"902","y":"744","zOrder":"147"},{"ID":"663","measuredH":"25","measuredW":"385","properties":{"color":"15658734","size":"17","text":"one. Go for SASS and revisit PostCSS later. There"},"typeID":"Label","w":"395","x":"902","y":"774","zOrder":"148"},{"ID":"664","measuredH":"25","measuredW":"390","properties":{"color":"15658734","size":"17","text":"is still some {color:yellow}Less{color} in the market but I won't go for it"},"typeID":"Label","w":"395","x":"901","y":"803","zOrder":"149"},{"ID":"665","measuredH":"25","measuredW":"188","properties":{"color":"15658734","size":"17","text":"if I was starting in 2019."},"typeID":"Label","w":"192","x":"901","y":"833","zOrder":"150"},{"ID":"666","h":"159","measuredH":"140","measuredW":"200","properties":{"color":"3355443","text":""},"typeID":"TextArea","w":"502","x":"807","y":"1161","zOrder":"162"},{"ID":"671","h":"86","measuredH":"85","measuredW":"157","properties":{"color":"10027263","curvature":"-1","direction":"top","leftArrow":"false","p0":{"x":157,"y":85},"p1":{"x":0.5048661800486618,"y":-0.06995133819951338},"p2":{"x":0,"y":0},"rightArrow":"false","shape":"bezier","stroke":"dotted"},"typeID":"Arrow","w":"158","x":"689","y":"1137","zOrder":"49"},{"ID":"673","children":{"controls":{"control":[{"ID":"0","measuredH":"25","measuredW":"419","properties":{"color":"15658734","size":"17","text":"With modern front-end frameworks, there is more push"},"typeID":"Label","w":"441","x":"1","y":"0","zOrder":"0"},{"ID":"1","measuredH":"25","measuredW":"447","properties":{"color":"15658734","size":"17","text":"push towards CSS in JS methodologies with which you are"},"typeID":"Label","w":"456","x":"1","y":"31","zOrder":"1"},{"ID":"2","measuredH":"25","measuredW":"460","properties":{"color":"15658734","size":"17","text":"not going to need these. However, you should still learn {color:yellow}BEM{color}"},"typeID":"Label","w":"464","x":"0","y":"61","zOrder":"2"},{"ID":"3","measuredH":"25","measuredW":"379","properties":{"color":"15658734","size":"17","text":"at-least, which would prove helpful in the long run"},"typeID":"Label","w":"447","x":"0","y":"92","zOrder":"3"}]}},"h":"117","measuredH":"117","measuredW":"464","typeID":"__group__","w":"464","x":"826","y":"1182","zOrder":"163"},{"ID":"674","h":"50","measuredH":"140","measuredW":"200","properties":{"color":"16776960"},"typeID":"TextArea","w":"250","x":"285","y":"1302","zOrder":"164"},{"ID":"675","measuredH":"25","measuredW":"87","properties":{"bold":"true","size":"17","text":"Build Tools"},"typeID":"Label","x":"367","y":"1315","zOrder":"165"},{"ID":"676","h":"178","measuredH":"177","measuredW":"165","properties":{"color":"2848996","curvature":"1","direction":"bottom","leftArrow":"false","p0":{"x":165,"y":0},"p1":{"x":0.5791841992271362,"y":-0.19216831258050665},"p2":{"x":1,"y":177},"rightArrow":"false","shape":"bezier"},"typeID":"Arrow","w":"166","x":"421","y":"1148","zOrder":"48"},{"ID":"678","h":"40","measuredH":"140","measuredW":"200","properties":{"color":"16776960"},"typeID":"TextArea","w":"176","x":"755","y":"1371","zOrder":"166"},{"ID":"679","measuredH":"25","measuredW":"92","properties":{"size":"17","text":"npm scripts"},"typeID":"Label","w":"97","x":"795","y":"1379","zOrder":"167"},{"ID":"680","h":"40","measuredH":"140","measuredW":"200","properties":{"color":"16770457"},"typeID":"TextArea","w":"176","x":"754","y":"1417","zOrder":"168"},{"ID":"681","measuredH":"25","measuredW":"34","properties":{"size":"17","text":"gulp"},"typeID":"Label","w":"43","x":"821","y":"1425","zOrder":"169"},{"ID":"682","h":"50","measuredH":"48","measuredW":"67","properties":{"color":"2848996","curvature":"-1","direction":"top","leftArrow":"false","p0":{"x":67,"y":48},"p1":{"x":0.4618427902134305,"y":-0.14294638209266008},"p2":{"x":0,"y":0},"rightArrow":"false","shape":"bezier","stroke":"dotted"},"typeID":"Arrow","w":"69","x":"712","y":"1327","zOrder":"47"},{"ID":"684","h":"90","measuredH":"89","measuredW":"71","properties":{"color":"2848996","curvature":"1","direction":"top","leftArrow":"false","p0":{"x":71,"y":89},"p1":{"x":0.48146182927638126,"y":0.180473569012403},"p2":{"x":0,"y":0},"rightArrow":"false","shape":"bezier","stroke":"dotted"},"typeID":"Arrow","w":"72","x":"700","y":"1347","zOrder":"46"},{"ID":"686","h":"40","measuredH":"140","measuredW":"200","properties":{"color":"16776960"},"typeID":"TextArea","w":"176","x":"710","y":"1497","zOrder":"170"},{"ID":"687","measuredH":"25","measuredW":"72","properties":{"size":"17","text":"Webpack"},"typeID":"Label","w":"72","x":"762","y":"1505","zOrder":"171"},{"ID":"688","h":"40","measuredH":"140","measuredW":"200","properties":{"color":"16770457"},"typeID":"TextArea","w":"176","x":"709","y":"1587","zOrder":"172"},{"ID":"689","measuredH":"25","measuredW":"47","properties":{"size":"17","text":"Rollup"},"typeID":"Label","w":"46","x":"774","y":"1595","zOrder":"173"},{"ID":"692","measuredH":"25","measuredW":"109","properties":{"bold":"true","size":"17","text":"Task Runners"},"typeID":"Label","x":"596","y":"1316","zOrder":"179"},{"ID":"693","h":"1","measuredH":"0","measuredW":"56","properties":{"color":"10027263","curvature":"0","direction":"top","leftArrow":"false","p0":{"x":56,"y":0},"p1":{"x":0.4710383049683653,"y":0.007504046299475207},"p2":{"x":0,"y":0},"rightArrow":"false","shape":"bezier","stroke":"dotted"},"typeID":"Arrow","w":"57","x":"526","y":"1327","zOrder":"45"},{"ID":"694","measuredH":"25","measuredW":"134","properties":{"bold":"true","size":"17","text":"Module Bundlers"},"typeID":"Label","x":"538","y":"1442","zOrder":"177"},{"ID":"695","h":"118","measuredH":"117","measuredW":"79","properties":{"color":"10027263","curvature":"0","direction":"top","leftArrow":"false","p0":{"x":79,"y":117},"p1":{"x":0.48128449573507276,"y":-0.00873055694932263},"p2":{"x":0,"y":0},"rightArrow":"false","shape":"bezier","stroke":"dotted"},"typeID":"Arrow","w":"80","x":"483","y":"1326","zOrder":"44"},{"ID":"697","h":"40","measuredH":"140","measuredW":"200","properties":{"color":"16770457"},"typeID":"TextArea","w":"176","x":"709","y":"1542","zOrder":"174"},{"ID":"698","measuredH":"25","measuredW":"47","properties":{"size":"17","text":"Parcel"},"typeID":"Label","w":"46","x":"774","y":"1550","zOrder":"175"},{"ID":"699","h":"50","measuredH":"140","measuredW":"200","properties":{"color":"16776960"},"typeID":"TextArea","w":"177","x":"515","y":"1429","zOrder":"176"},{"ID":"700","h":"50","measuredH":"140","measuredW":"200","properties":{"color":"16776960"},"typeID":"TextArea","w":"138","x":"579","y":"1302","zOrder":"178"},{"ID":"701","h":"46","measuredH":"45","measuredW":"75","properties":{"color":"10027263","curvature":"1","direction":"top","leftArrow":"false","p0":{"x":75,"y":45},"p1":{"x":0.5980392156862746,"y":0.2254901960784314},"p2":{"x":0,"y":0},"rightArrow":"false","shape":"bezier","stroke":"dotted"},"typeID":"Arrow","w":"76","x":"649","y":"1473","zOrder":"43"},{"ID":"702","h":"93","measuredH":"92","measuredW":"106","properties":{"color":"10027263","curvature":"1","direction":"top","leftArrow":"false","p0":{"x":106,"y":92,"length":140.356688476182},"p1":{"x":0.5242639593908629,"y":0.20030456852791878,"length":0.5612259966264392},"p2":{"x":0,"y":0,"length":0},"rightArrow":"false","shape":"bezier","stroke":"dotted"},"typeID":"Arrow","w":"107","x":"620","y":"1471","zOrder":"42"},{"ID":"703","h":"133","measuredH":"132","measuredW":"123","properties":{"color":"10027263","curvature":"1","direction":"top","leftArrow":"false","p0":{"x":123,"y":132},"p1":{"x":0.4752557367984518,"y":0.20108745737720027},"p2":{"x":0,"y":0},"rightArrow":"false","shape":"bezier","stroke":"dotted"},"typeID":"Arrow","w":"124","x":"598","y":"1475","zOrder":"41"},{"ID":"704","h":"50","measuredH":"140","measuredW":"200","properties":{"color":"16776960"},"typeID":"TextArea","w":"225","x":"169","y":"1401","zOrder":"180"},{"ID":"705","measuredH":"25","measuredW":"187","properties":{"bold":"true","size":"17","text":"Linters and Formatters"},"typeID":"Label","x":"188","y":"1414","zOrder":"181"},{"ID":"706","h":"94","measuredH":"93","measuredW":"74","properties":{"color":"10027263","curvature":"-1","direction":"bottom","leftArrow":"false","p0":{"x":0,"y":93},"p1":{"x":0.6083656396653744,"y":0.21440522342379104},"p2":{"x":74,"y":1},"rightArrow":"false","shape":"bezier","stroke":"dotted"},"typeID":"Arrow","w":"75","x":"231","y":"1324","zOrder":"40"},{"ID":"713","h":"40","measuredH":"140","measuredW":"200","properties":{"color":"16776960"},"typeID":"TextArea","w":"176","x":"710","y":"1497","zOrder":"185"},{"ID":"714","measuredH":"25","measuredW":"72","properties":{"size":"17","text":"Webpack"},"typeID":"Label","w":"72","x":"762","y":"1505","zOrder":"186"},{"ID":"715","h":"40","measuredH":"140","measuredW":"200","properties":{"color":"16770457"},"typeID":"TextArea","w":"176","x":"709","y":"1587","zOrder":"187"},{"ID":"716","measuredH":"25","measuredW":"47","properties":{"size":"17","text":"Rollup"},"typeID":"Label","w":"46","x":"774","y":"1595","zOrder":"188"},{"ID":"717","h":"40","measuredH":"140","measuredW":"200","properties":{"color":"16770457"},"typeID":"TextArea","w":"176","x":"709","y":"1542","zOrder":"189"},{"ID":"718","measuredH":"25","measuredW":"47","properties":{"size":"17","text":"Parcel"},"typeID":"Label","w":"46","x":"774","y":"1550","zOrder":"190"},{"ID":"729","children":{"controls":{"control":[{"ID":"0","h":"40","measuredH":"140","measuredW":"200","properties":{"color":"16770457"},"typeID":"TextArea","w":"176","x":"0","y":"0","zOrder":"0"},{"ID":"1","measuredH":"25","measuredW":"46","properties":{"size":"17","text":"JSCS"},"typeID":"Label","w":"45","x":"66","y":"8","zOrder":"1"}]}},"h":"40","measuredH":"40","measuredW":"176","typeID":"__group__","w":"176","x":"172","y":"1676","zOrder":"192"},{"ID":"730","children":{"controls":{"control":[{"ID":"0","h":"40","measuredH":"140","measuredW":"200","properties":{"color":"16770457"},"typeID":"TextArea","w":"176","x":"0","y":"0","zOrder":"0"},{"ID":"1","measuredH":"25","measuredW":"51","properties":{"size":"17","text":"JSLint"},"typeID":"Label","w":"55","x":"61","y":"8","zOrder":"1"}]}},"h":"40","measuredH":"40","measuredW":"176","typeID":"__group__","w":"176","x":"172","y":"1631","zOrder":"191"},{"ID":"731","children":{"controls":{"control":[{"ID":"0","h":"40","measuredH":"140","measuredW":"200","properties":{"color":"16770457"},"typeID":"TextArea","w":"176","x":"0","y":"0","zOrder":"0"},{"ID":"1","measuredH":"25","measuredW":"53","properties":{"size":"17","text":"JSHint"},"typeID":"Label","w":"55","x":"65","y":"8","zOrder":"1"}]}},"h":"40","measuredH":"40","measuredW":"176","typeID":"__group__","w":"176","x":"172","y":"1586","zOrder":"183"},{"ID":"732","children":{"controls":{"control":[{"ID":"0","h":"40","measuredH":"140","measuredW":"200","properties":{"color":"16776960"},"typeID":"TextArea","w":"176","x":"0","y":"0","zOrder":"0"},{"ID":"1","measuredH":"25","measuredW":"52","properties":{"size":"17","text":"ESLint"},"typeID":"Label","w":"52","x":"62","y":"8","zOrder":"1"}]}},"h":"40","measuredH":"40","measuredW":"176","typeID":"__group__","w":"176","x":"172","y":"1540","zOrder":"184"},{"ID":"733","children":{"controls":{"control":[{"ID":"0","h":"40","measuredH":"140","measuredW":"200","properties":{"color":"16776960"},"typeID":"TextArea","w":"176","x":"0","y":"0","zOrder":"0"},{"ID":"1","measuredH":"25","measuredW":"59","properties":{"size":"17","text":"Prettier"},"typeID":"Label","w":"58","x":"59","y":"8","zOrder":"1"}]}},"h":"40","measuredH":"40","measuredW":"176","typeID":"__group__","w":"176","x":"172","y":"1495","zOrder":"182"},{"ID":"734","h":"71","measuredH":"70","measuredW":"1","properties":{"color":"10027263","curvature":"0","direction":"top","leftArrow":"false","p0":{"x":1,"y":70,"length":70.00714249274856},"p1":{"x":0.4684719913970086,"y":0.002835076742594586,"length":0.468480569910445},"p2":{"x":1,"y":0,"length":1},"rightArrow":"false","shape":"bezier","stroke":"dotted"},"typeID":"Arrow","w":"2","x":"260","y":"1444","zOrder":"39"},{"ID":"735","h":"366","measuredH":"365","measuredW":"210","properties":{"color":"2848996","curvature":"-1","direction":"top","leftArrow":"false","p0":{"x":0,"y":0},"p1":{"x":0.5220922035809953,"y":-0.1496968842520795},"p2":{"x":210,"y":365},"rightArrow":"false","shape":"bezier"},"typeID":"Arrow","w":"211","x":"421","y":"1347","zOrder":"38"},{"ID":"737","h":"92","measuredH":"91","measuredW":"61","properties":{"color":"2848996","curvature":"1","direction":"top","leftArrow":"false","p0":{"x":61,"y":90,"length":108.72442227944924},"p1":{"x":0.3707257501744591,"y":0.3166434054431262,"length":0.4875455138272071},"p2":{"x":3,"y":0,"length":3},"rightArrow":"false","shape":"bezier","stroke":"dotted"},"typeID":"Arrow","w":"62","x":"958","y":"1750","zOrder":"193"},{"ID":"738","h":"22","measuredH":"21","measuredW":"170","properties":{"color":"2848996","curvature":"0","direction":"top","leftArrow":"false","p0":{"x":170,"y":21,"length":171.29214809792072},"p1":{"x":0.473885155772755,"y":0.0022907758094073884,"length":0.4738906925817147},"p2":{"x":0,"y":0,"length":0},"rightArrow":"false","shape":"bezier","stroke":"dotted"},"typeID":"Arrow","w":"171","x":"780","y":"1732","zOrder":"194"},{"ID":"739","h":"3","measuredH":"2","measuredW":"145","properties":{"color":"2848996","curvature":"0","direction":"bottom","leftArrow":"false","p0":{"x":145,"y":0,"length":145},"p1":{"x":0.4738851557727549,"y":0.002290775809407207,"length":0.4738906925817146},"p2":{"x":0,"y":2,"length":2},"rightArrow":"false","shape":"bezier","stroke":"dotted"},"typeID":"Arrow","w":"146","x":"785","y":"1716","zOrder":"195"},{"ID":"740","h":"115","measuredH":"114","measuredW":"96","properties":{"color":"2848996","curvature":"1","direction":"bottom","leftArrow":"false","p0":{"x":0,"y":113},"p1":{"x":0.4250070996795001,"y":-0.2717757312669885},"p2":{"x":96,"y":0},"rightArrow":"false","shape":"bezier","stroke":"dotted"},"typeID":"Arrow","w":"97","x":"1008","y":"1563","zOrder":"196"},{"ID":"741","h":"208","measuredH":"140","measuredW":"200","properties":{"color":"16777215"},"typeID":"TextArea","w":"205","x":"999","y":"1359","zOrder":"197"},{"ID":"742","h":"32","measuredH":"31","measuredW":"146","properties":{"color":"2848996","curvature":"0","direction":"bottom","leftArrow":"false","p0":{"x":0,"y":31},"p1":{"x":0.473885155772755,"y":0.002290775809407396},"p2":{"x":146,"y":0},"rightArrow":"false","shape":"bezier","stroke":"dotted"},"typeID":"Arrow","w":"147","x":"778","y":"1676","zOrder":"198"},{"ID":"743","h":"51","measuredH":"140","measuredW":"200","properties":{"color":"16776960"},"typeID":"TextArea","w":"224","x":"561","y":"1694","zOrder":"199"},{"ID":"744","measuredH":"26","measuredW":"149","properties":{"bold":"true","size":"18","text":"Pick a Framework"},"typeID":"Label","w":"148","x":"599","y":"1707","zOrder":"200"},{"ID":"746","measuredH":"32","measuredW":"82","properties":{"align":"center","color":"16776960","size":"18","text":"React.js"},"typeID":"TextInput","w":"147","x":"886","y":"1661","zOrder":"201"},{"ID":"747","measuredH":"32","measuredW":"67","properties":{"align":"center","color":"16776960","size":"18","text":"Redux"},"typeID":"TextInput","w":"176","x":"1013","y":"1376","zOrder":"202"},{"ID":"748","measuredH":"32","measuredW":"60","properties":{"align":"center","color":"16776960","size":"18","text":"MobX"},"typeID":"TextInput","w":"176","x":"1013","y":"1415","zOrder":"203"},{"ID":"749","measuredH":"25","measuredW":"173","properties":{"size":"17","text":"These are not specific"},"typeID":"Label","x":"1013","y":"1457","zOrder":"204"},{"ID":"750","measuredH":"25","measuredW":"166","properties":{"size":"17","text":"to React though, you "},"typeID":"Label","x":"1013","y":"1480","zOrder":"205"},{"ID":"751","measuredH":"25","measuredW":"161","properties":{"size":"17","text":"can use them in any "},"typeID":"Label","x":"1013","y":"1504","zOrder":"206"},{"ID":"752","measuredH":"25","measuredW":"136","properties":{"size":"17","text":"framework or app"},"typeID":"Label","x":"1013","y":"1528","zOrder":"207"},{"ID":"753","measuredH":"32","measuredW":"63","properties":{"align":"center","color":"16770457","size":"18","text":"Vue.js"},"typeID":"TextInput","w":"147","x":"886","y":"1736","zOrder":"208"},{"ID":"754","measuredH":"32","measuredW":"80","properties":{"align":"center","color":"16770457","size":"18","text":"Angular"},"typeID":"TextInput","w":"147","x":"886","y":"1699","zOrder":"209"},{"ID":"755","measuredH":"32","measuredW":"60","properties":{"align":"center","color":"16776960","size":"18","text":"RxJS"},"typeID":"TextInput","w":"176","x":"1118","y":"1680","zOrder":"210"},{"ID":"756","measuredH":"32","measuredW":"52","properties":{"align":"center","color":"16776960","size":"18","text":"ngrx"},"typeID":"TextInput","w":"176","x":"1118","y":"1716","zOrder":"211"},{"ID":"757","measuredH":"32","measuredW":"55","properties":{"align":"center","color":"16776960","size":"18","text":"Vuex"},"typeID":"TextInput","w":"176","x":"1003","y":"1826","zOrder":"212"},{"ID":"758","h":"21","measuredH":"20","measuredW":"123","properties":{"color":"2848996","curvature":"0","direction":"bottom","leftArrow":"false","p0":{"x":123,"y":0,"length":123},"p1":{"x":0.473885155772755,"y":0.00229077580940721,"length":0.4738906925817147},"p2":{"x":0,"y":20,"length":20},"rightArrow":"false","shape":"bezier","stroke":"dotted"},"typeID":"Arrow","w":"124","x":"1011","y":"1694","zOrder":"37"},{"ID":"759","h":"16","measuredH":"15","measuredW":"123","properties":{"color":"2848996","curvature":"0","direction":"top","leftArrow":"false","p0":{"x":123,"y":15,"length":123.9112585683803},"p1":{"x":0.4738851557727549,"y":0.0022907758094072007,"length":0.4738906925817146},"p2":{"x":0,"y":0,"length":0},"rightArrow":"false","shape":"bezier","stroke":"dotted"},"typeID":"Arrow","w":"124","x":"1017","y":"1718","zOrder":"36"},{"ID":"760","h":"202","measuredH":"201","measuredW":"97","properties":{"color":"2848996","curvature":"1","direction":"top","leftArrow":"false","p0":{"x":0,"y":0},"p1":{"x":0.5495265293852397,"y":0.24395009770028558},"p2":{"x":76,"y":201},"rightArrow":"false","shape":"bezier"},"typeID":"Arrow","w":"98","x":"664","y":"1727","zOrder":"35"},{"ID":"761","h":"50","measuredH":"140","measuredW":"200","properties":{"color":"16776960"},"typeID":"TextArea","w":"191","x":"613","y":"2065","zOrder":"213"},{"ID":"762","measuredH":"25","measuredW":"146","properties":{"bold":"true","size":"17","text":"Testing your Apps"},"typeID":"Label","x":"636","y":"2078","zOrder":"214"},{"ID":"787","h":"4","measuredH":"3","measuredW":"149","properties":{"color":"2848996","curvature":"1","direction":"top","leftArrow":"false","p0":{"x":149,"y":3},"p1":{"x":0.5424177701836822,"y":0.010081161896625373},"p2":{"x":0,"y":0},"rightArrow":"false","shape":"bezier","stroke":"dotted"},"typeID":"Arrow","w":"150","x":"481","y":"2089","zOrder":"34"},{"ID":"796","h":"203","measuredH":"202","measuredW":"186","properties":{"color":"2848996","curvature":"-1","direction":"bottom","leftArrow":"false","p0":{"x":186,"y":0},"p1":{"x":0.4884615384615385,"y":0.15769230769230771},"p2":{"x":0,"y":202},"rightArrow":"false","shape":"bezier","stroke":"dotted"},"typeID":"Arrow","w":"187","x":"477","y":"2096","zOrder":"33"},{"ID":"808","children":{"controls":{"control":[{"ID":"0","h":"138","measuredH":"140","measuredW":"200","properties":{"color":"3355443"},"typeID":"TextArea","w":"439","x":"0","y":"0","zOrder":"0"},{"ID":"1","children":{"controls":{"control":[{"ID":"0","measuredH":"25","measuredW":"344","properties":{"color":"15658734","size":"17","text":"Before you start this, you should have a good"},"typeID":"Label","w":"403","x":"0","y":"0","zOrder":"0"},{"ID":"1","measuredH":"25","measuredW":"395","properties":{"color":"15658734","size":"17","text":"understanding of what single page applications are"},"typeID":"Label","w":"395","x":"0","y":"29","zOrder":"1"},{"ID":"2","measuredH":"25","measuredW":"409","properties":{"color":"15658734","size":"17","text":"how they work and what are some of the positive and"},"typeID":"Label","w":"411","x":"0","y":"57","zOrder":"2"},{"ID":"3","measuredH":"25","measuredW":"347","properties":{"color":"15658734","size":"17","text":"negative aspects of single page applications."},"typeID":"Label","w":"411","x":"0","y":"86","zOrder":"3"}]}},"h":"111","measuredH":"111","measuredW":"411","typeID":"__group__","w":"411","x":"16","y":"14","zOrder":"1"}]}},"h":"138","measuredH":"138","measuredW":"439","typeID":"__group__","w":"439","x":"153","y":"1790","zOrder":"221"},{"ID":"809","h":"103","measuredH":"102","measuredW":"210","properties":{"color":"2848996","curvature":"1","direction":"bottom","leftArrow":"false","p0":{"x":210,"y":1},"p1":{"x":0.4817959153606748,"y":-0.12695898786394358},"p2":{"x":0,"y":102},"rightArrow":"false","shape":"bezier","stroke":"dotted"},"typeID":"Arrow","w":"211","x":"365","y":"1722","zOrder":"32"},{"ID":"810","measuredH":"25","measuredW":"239","properties":{"size":"17","text":"Hosting, Event Bubbling, Scope"},"typeID":"Label","w":"238","x":"191","y":"708","zOrder":"124"},{"ID":"811","measuredH":"25","measuredW":"243","properties":{"size":"17","text":"Prototype, Shadow DOM, strict,"},"typeID":"Label","w":"245","x":"187","y":"737","zOrder":"125"},{"ID":"812","measuredH":"25","measuredW":"197","properties":{"size":"17","text":"Understand the concepts"},"typeID":"Label","w":"202","x":"209","y":"678","zOrder":"126"},{"ID":"822","h":"133","measuredH":"132","measuredW":"153","properties":{"color":"2848996","curvature":"1","direction":"top","leftArrow":"false","p0":{"x":0,"y":0},"p1":{"x":0.5986334582323121,"y":0.12431121886709279},"p2":{"x":153,"y":132},"rightArrow":"false","shape":"bezier"},"typeID":"Arrow","w":"154","x":"722","y":"2104","zOrder":"31"},{"ID":"823","h":"50","measuredH":"140","measuredW":"200","properties":{"color":"16770457"},"typeID":"TextArea","w":"226","x":"771","y":"2214","zOrder":"222"},{"ID":"824","measuredH":"25","measuredW":"180","properties":{"bold":"true","size":"17","text":"Progressive Web Apps"},"typeID":"Label","x":"794","y":"2227","zOrder":"223"},{"ID":"853","h":"50","measuredH":"140","measuredW":"200","properties":{"color":"16776960"},"typeID":"TextArea","w":"226","x":"508","y":"2409","zOrder":"224"},{"ID":"854","measuredH":"25","measuredW":"120","properties":{"bold":"true","size":"17","text":"Type Checkers"},"typeID":"Label","x":"561","y":"2422","zOrder":"225"},{"ID":"861","h":"50","measuredH":"140","measuredW":"200","properties":{"color":"16770457"},"typeID":"TextArea","w":"248","x":"478","y":"2623","zOrder":"226"},{"ID":"862","measuredH":"25","measuredW":"184","properties":{"bold":"true","size":"17","text":"Server Side Rendering"},"typeID":"Label","x":"510","y":"2636","zOrder":"227"},{"ID":"864","h":"41","measuredH":"140","measuredW":"200","properties":{"color":"16776960"},"typeID":"TextArea","w":"116","x":"292","y":"2541","zOrder":"228"},{"ID":"865","measuredH":"25","measuredW":"64","properties":{"size":"17","text":"React.js"},"typeID":"Label","w":"69","x":"315","y":"2549","zOrder":"229"},{"ID":"868","h":"90","measuredH":"89","measuredW":"106","properties":{"color":"2848996","curvature":"-1","direction":"top","leftArrow":"false","p0":{"x":106,"y":89,"length":138.4088147481944},"p1":{"x":0.6104670902653149,"y":-0.01503613522820974,"length":0.6106522362684027},"p2":{"x":0,"y":0,"length":0},"rightArrow":"false","shape":"bezier","stroke":"dotted"},"typeID":"Arrow","w":"107","x":"392","y":"2559","zOrder":"8"},{"ID":"871","h":"29","measuredH":"28","measuredW":"87","properties":{"color":"2848996","curvature":"0","direction":"top","leftArrow":"false","p0":{"x":0,"y":0,"length":0},"p1":{"x":0.4835193355826628,"y":0.0072670646249675735,"length":0.48357394275391136},"p2":{"x":87,"y":28,"length":91.39474820797966},"rightArrow":"false","shape":"bezier","stroke":"dotted"},"typeID":"Arrow","w":"88","x":"226","y":"2534","zOrder":"29"},{"ID":"872","h":"11","measuredH":"10","measuredW":"92","properties":{"color":"2848996","curvature":"-1","direction":"top","leftArrow":"false","p0":{"x":92,"y":10,"length":92.5418824100742},"p1":{"x":0.6165131354486524,"y":-0.02797679972705563,"length":0.6171475897252586},"p2":{"x":0,"y":1,"length":1},"rightArrow":"false","shape":"bezier","stroke":"dotted"},"typeID":"Arrow","w":"93","x":"398","y":"2644","zOrder":"7"},{"ID":"877","h":"41","measuredH":"140","measuredW":"200","properties":{"color":"16770457"},"typeID":"TextArea","w":"115","x":"293","y":"2624","zOrder":"230"},{"ID":"878","measuredH":"25","measuredW":"62","properties":{"size":"17","text":"Angular"},"typeID":"Label","w":"62","x":"324","y":"2632","zOrder":"231"},{"ID":"880","h":"4","measuredH":"3","measuredW":"64","properties":{"color":"2848996","curvature":"1","direction":"bottom","leftArrow":"false","p0":{"x":0,"y":3,"length":3},"p1":{"x":0.4807692307692308,"y":-0.01923076923076923,"length":0.48115369243064626},"p2":{"x":64,"y":0,"length":64},"rightArrow":"false","shape":"bezier","stroke":"dotted"},"typeID":"Arrow","w":"65","x":"240","y":"2641","zOrder":"27"},{"ID":"881","h":"41","measuredH":"140","measuredW":"200","properties":{"color":"16770457"},"typeID":"TextArea","w":"97","x":"149","y":"2624","zOrder":"232"},{"ID":"882","measuredH":"25","measuredW":"72","properties":{"size":"17","text":"Universal"},"typeID":"Label","w":"73","x":"161","y":"2632","zOrder":"233"},{"ID":"883","h":"41","measuredH":"140","measuredW":"200","properties":{"color":"16776960"},"typeID":"TextArea","w":"94","x":"149","y":"2514","zOrder":"234"},{"ID":"884","measuredH":"25","measuredW":"54","properties":{"size":"17","text":"Next.js"},"typeID":"Label","w":"54","x":"169","y":"2522","zOrder":"235"},{"ID":"885","h":"41","measuredH":"140","measuredW":"200","properties":{"color":"16770457"},"typeID":"TextArea","w":"94","x":"149","y":"2561","zOrder":"236"},{"ID":"886","measuredH":"25","measuredW":"55","properties":{"size":"17","text":"After.js"},"typeID":"Label","w":"53","x":"170","y":"2569","zOrder":"237"},{"ID":"893","h":"17","measuredH":"16","measuredW":"72","properties":{"color":"2848996","curvature":"0","direction":"bottom","leftArrow":"false","p0":{"x":0,"y":16,"length":16},"p1":{"x":0.4835193355826628,"y":0.007267064624967561,"length":0.48357394275391136},"p2":{"x":72,"y":0,"length":72},"rightArrow":"false","shape":"bezier","stroke":"dotted"},"typeID":"Arrow","w":"73","x":"229","y":"2566","zOrder":"28"},{"ID":"894","h":"2","measuredH":"1","measuredW":"64","properties":{"color":"2848996","curvature":"-1","direction":"top","leftArrow":"false","p0":{"x":0,"y":0,"length":0},"p1":{"x":0.4807692307692308,"y":-0.01923076923076923,"length":0.48115369243064626},"p2":{"x":64,"y":1,"length":64.00781202322104},"rightArrow":"false","shape":"bezier","stroke":"dotted"},"typeID":"Arrow","w":"65","x":"240","y":"2697","zOrder":"238"},{"ID":"895","h":"41","measuredH":"140","measuredW":"200","properties":{"color":"16770457"},"typeID":"TextArea","w":"115","x":"293","y":"2677","zOrder":"239"},{"ID":"896","measuredH":"25","measuredW":"46","properties":{"size":"17","text":"Vue.js"},"typeID":"Label","w":"48","x":"327","y":"2685","zOrder":"240"},{"ID":"897","h":"41","measuredH":"140","measuredW":"200","properties":{"color":"16770457"},"typeID":"TextArea","w":"97","x":"149","y":"2677","zOrder":"241"},{"ID":"898","measuredH":"25","measuredW":"54","properties":{"size":"17","text":"Nuxt.js"},"typeID":"Label","w":"55","x":"170","y":"2685","zOrder":"242"},{"ID":"899","h":"38","measuredH":"37","measuredW":"107","properties":{"color":"2848996","curvature":"1","direction":"bottom","leftArrow":"false","p0":{"x":107,"y":1,"length":107.00467279516349},"p1":{"x":0.39756767359748935,"y":-0.06834052569635155,"length":0.40339866452700796},"p2":{"x":0,"y":37,"length":37},"rightArrow":"false","shape":"bezier","stroke":"dotted"},"typeID":"Arrow","w":"108","x":"393","y":"2663","zOrder":"6"},{"ID":"901","h":"39","measuredH":"38","measuredW":"192","properties":{"color":"2848996","curvature":"1","direction":"bottom","leftArrow":"false","p0":{"x":0,"y":5},"p1":{"x":0.39153412006157,"y":-0.18640328373524884},"p2":{"x":192,"y":0},"rightArrow":"false","shape":"bezier"},"typeID":"Arrow","w":"193","x":"639","y":"2665","zOrder":"26"},{"ID":"903","h":"50","measuredH":"140","measuredW":"200","properties":{"color":"16770457"},"typeID":"TextArea","w":"248","x":"821","y":"2643","zOrder":"243"},{"ID":"904","measuredH":"25","measuredW":"183","properties":{"bold":"true","size":"17","text":"Static Site Generators"},"typeID":"Label","x":"859","y":"2656","zOrder":"244"},{"ID":"905","h":"7","measuredH":"6","measuredW":"99","properties":{"color":"2848996","curvature":"1","direction":"bottom","leftArrow":"false","p0":{"x":99,"y":0,"length":99},"p1":{"x":0.5446782555657212,"y":-0.012808783165599275,"length":0.5448288419424034},"p2":{"x":0,"y":6,"length":6},"rightArrow":"false","shape":"bezier","stroke":"dotted"},"typeID":"Arrow","w":"100","x":"1056","y":"2663","zOrder":"3"},{"ID":"906","h":"41","measuredH":"140","measuredW":"200","properties":{"color":"16776960"},"typeID":"TextArea","w":"147","x":"1126","y":"2644","zOrder":"245"},{"ID":"907","measuredH":"25","measuredW":"77","properties":{"size":"17","text":"GatsbyJS"},"typeID":"Label","w":"78","x":"1161","y":"2652","zOrder":"246"},{"ID":"908","h":"50","measuredH":"140","measuredW":"200","properties":{"color":"16770457"},"typeID":"TextArea","w":"210","x":"791","y":"2757","zOrder":"247"},{"ID":"910","h":"95","measuredH":"94","measuredW":"38","properties":{"color":"2848996","curvature":"-1","direction":"bottom","leftArrow":"false","p0":{"x":36,"y":0,"length":36},"p1":{"x":0.5467857377372116,"y":0.1745354258322937,"length":0.573966251502026},"p2":{"x":0,"y":94,"length":94},"rightArrow":"false","shape":"bezier"},"typeID":"Arrow","w":"39","x":"891","y":"2674","zOrder":"25"},{"ID":"911","measuredH":"25","measuredW":"171","properties":{"bold":"true","size":"17","text":"Desktop Applications"},"typeID":"Label","x":"813","y":"2771","zOrder":"248"},{"ID":"914","h":"41","measuredH":"140","measuredW":"200","properties":{"color":"16776960"},"typeID":"TextArea","w":"188","x":"1074","y":"2720","zOrder":"249"},{"ID":"915","measuredH":"25","measuredW":"64","properties":{"size":"17","text":"Electron"},"typeID":"Label","w":"64","x":"1136","y":"2728","zOrder":"250"},{"ID":"916","h":"36","measuredH":"35","measuredW":"97","properties":{"color":"2848996","curvature":"0","direction":"bottom","leftArrow":"false","p0":{"x":0,"y":35,"length":35},"p1":{"x":0.4319942611190818,"y":-0.006169296987087552,"length":0.4320383106451745},"p2":{"x":97,"y":0,"length":97},"rightArrow":"false","shape":"bezier","stroke":"dotted"},"typeID":"Arrow","w":"98","x":"984","y":"2746","zOrder":"24"},{"ID":"917","h":"88","measuredH":"87","measuredW":"205","properties":{"color":"2848996","curvature":"1","direction":"bottom","leftArrow":"false","p0":{"x":205,"y":1,"length":205.00243900988104},"p1":{"x":0.6338600999575079,"y":-0.16347301754314972,"length":0.6546006826935066},"p2":{"x":0,"y":87,"length":87},"rightArrow":"false","shape":"bezier"},"typeID":"Arrow","w":"206","x":"618","y":"2781","zOrder":"23"},{"ID":"918","h":"50","measuredH":"140","measuredW":"200","properties":{"color":"16770457"},"typeID":"TextArea","w":"210","x":"469","y":"2840","zOrder":"251"},{"ID":"919","measuredH":"25","measuredW":"157","properties":{"bold":"true","size":"17","text":"Mobile Applications"},"typeID":"Label","w":"157","x":"496","y":"2853","zOrder":"252"},{"ID":"920","h":"11","measuredH":"10","measuredW":"174","properties":{"color":"2848996","curvature":"0","direction":"top","leftArrow":"false","p0":{"x":0,"y":0,"length":0},"p1":{"x":0.4319942611190819,"y":-0.006169296987087518,"length":0.4320383106451746},"p2":{"x":174,"y":10,"length":174.28711943227475},"rightArrow":"false","shape":"bezier","stroke":"dotted"},"typeID":"Arrow","w":"175","x":"304","y":"2847","zOrder":"22"},{"ID":"921","h":"41","measuredH":"140","measuredW":"200","properties":{"color":"16776960"},"typeID":"TextArea","w":"147","x":"169","y":"2822","zOrder":"253"},{"ID":"922","measuredH":"25","measuredW":"100","properties":{"size":"17","text":"React Native"},"typeID":"Label","w":"101","x":"192","y":"2830","zOrder":"254"},{"ID":"923","h":"80","measuredH":"79","measuredW":"269","properties":{"color":"2848996","curvature":"-1","direction":"top","leftArrow":"false","p0":{"x":269,"y":79,"length":280.36048223670895},"p1":{"x":0.3554465668559629,"y":-0.1396489416623645,"length":0.38189538986103116},"p2":{"x":0,"y":3,"length":3},"rightArrow":"false","shape":"bezier"},"typeID":"Arrow","w":"270","x":"655","y":"2866","zOrder":"21"},{"ID":"924","h":"50","measuredH":"140","measuredW":"200","properties":{"color":"16770457"},"typeID":"TextArea","w":"210","x":"825","y":"2928","zOrder":"255"},{"ID":"925","measuredH":"25","measuredW":"118","properties":{"bold":"true","size":"17","text":"Web Assembly"},"typeID":"Label","x":"871","y":"2941","zOrder":"256"},{"ID":"928","h":"50","measuredH":"140","measuredW":"200","properties":{"color":"16776960"},"typeID":"TextArea","w":"207","x":"839","y":"3104","zOrder":"257"},{"ID":"929","measuredH":"25","measuredW":"117","properties":{"bold":"true","size":"17","text":"Keep Learning"},"typeID":"Label","x":"884","y":"3117","zOrder":"258"},{"ID":"930","h":"41","measuredH":"140","measuredW":"200","properties":{"color":"16770457"},"typeID":"TextArea","w":"188","x":"1075","y":"2769","zOrder":"259"},{"ID":"931","measuredH":"25","measuredW":"104","properties":{"size":"17","text":"Proton Native"},"typeID":"Label","w":"107","x":"1116","y":"2777","zOrder":"260"},{"ID":"932","h":"8","measuredH":"7","measuredW":"103","properties":{"color":"2848996","curvature":"0","direction":"top","leftArrow":"false","p0":{"x":0,"y":0,"length":0},"p1":{"x":0.43199426111908185,"y":-0.006169296987087555,"length":0.43203831064517456},"p2":{"x":103,"y":7,"length":103.23759005323593},"rightArrow":"false","shape":"bezier","stroke":"dotted"},"typeID":"Arrow","w":"104","x":"985","y":"2782","zOrder":"20"},{"ID":"933","h":"41","measuredH":"140","measuredW":"200","properties":{"color":"16770457"},"typeID":"TextArea","w":"188","x":"1075","y":"2817","zOrder":"261"},{"ID":"934","measuredH":"25","measuredW":"42","properties":{"size":"17","text":"Carlo"},"typeID":"Label","w":"42","x":"1148","y":"2825","zOrder":"262"},{"ID":"935","h":"43","measuredH":"42","measuredW":"98","properties":{"color":"2848996","curvature":"0","direction":"top","leftArrow":"false","p0":{"x":0,"y":0,"length":0},"p1":{"x":0.43199426111908185,"y":-0.006169296987087567,"length":0.43203831064517456},"p2":{"x":98,"y":42,"length":106.62082348209472},"rightArrow":"false","shape":"bezier","stroke":"dotted"},"typeID":"Arrow","w":"99","x":"992","y":"2792","zOrder":"19"},{"ID":"936","h":"41","measuredH":"140","measuredW":"200","properties":{"color":"16770457"},"typeID":"TextArea","w":"147","x":"169","y":"2868","zOrder":"263"},{"ID":"937","measuredH":"25","measuredW":"95","properties":{"size":"17","text":"NativeScript"},"typeID":"Label","w":"101","x":"192","y":"2876","zOrder":"264"},{"ID":"938","h":"31","measuredH":"30","measuredW":"194","properties":{"color":"2848996","curvature":"0","direction":"bottom","leftArrow":"false","p0":{"x":0,"y":30,"length":30},"p1":{"x":0.4319942611190819,"y":-0.006169296987087524,"length":0.4320383106451746},"p2":{"x":194,"y":0,"length":194},"rightArrow":"false","shape":"bezier","stroke":"dotted"},"typeID":"Arrow","w":"195","x":"296","y":"2867","zOrder":"18"},{"ID":"948","h":"52","measuredH":"51","measuredW":"214","properties":{"color":"2848996","curvature":"-1","direction":"bottom","leftArrow":"false","p0":{"x":0,"y":51,"length":51},"p1":{"x":0.4003471278308693,"y":0.12609523012902282,"length":0.41973542836377015},"p2":{"x":214,"y":6,"length":214.0840956259946},"rightArrow":"false","shape":"bezier","stroke":"dotted"},"typeID":"Arrow","w":"215","x":"634","y":"2948","zOrder":"17"},{"ID":"949","children":{"controls":{"control":[{"ID":"0","h":"185","measuredH":"140","measuredW":"200","properties":{"color":"3355443","text":""},"typeID":"TextArea","w":"582","x":"0","y":"0","zOrder":"0"},{"ID":"1","measuredH":"25","measuredW":"507","properties":{"color":"15658734","size":"17","text":"Web Assembly or WASM is the binary instructions generated from"},"typeID":"Label","w":"524","x":"20","y":"21","zOrder":"1"},{"ID":"2","measuredH":"25","measuredW":"501","properties":{"color":"15658734","size":"17","text":"high level languages such as Go, C, C++ or Rust. It is faster than"},"typeID":"Label","w":"509","x":"20","y":"52","zOrder":"2"},{"ID":"3","measuredH":"25","measuredW":"530","properties":{"color":"15658734","size":"17","text":"JavaScript and WASM 1.0 has already shipped in the major browsers."},"typeID":"Label","w":"528","x":"19","y":"83","zOrder":"3"},{"ID":"4","measuredH":"25","measuredW":"495","properties":{"color":"15658734","size":"17","text":"It is being touted by some to eventually replace JavaScript but I"},"typeID":"Label","w":"525","x":"19","y":"114","zOrder":"4"},{"ID":"5","measuredH":"25","measuredW":"541","properties":{"color":"15658734","size":"17","text":"seriously doubt that it would happen or see it happening anytime soon."},"typeID":"Label","w":"538","x":"19","y":"144","zOrder":"5"}]}},"h":"185","measuredH":"185","measuredW":"582","typeID":"__group__","w":"582","x":"170","y":"2979","zOrder":"265"},{"ID":"950","h":"166","measuredH":"165","measuredW":"7","properties":{"color":"2848996","curvature":"0","direction":"top","leftArrow":"false","p0":{"x":7,"y":165,"length":165.14841809717706},"p1":{"x":0.4072427393330943,"y":0.009537468626747937,"length":0.40735440595055405},"p2":{"x":0,"y":0,"length":0},"rightArrow":"false","shape":"bezier"},"typeID":"Arrow","w":"8","x":"924","y":"2955","zOrder":"30"},{"ID":"951","h":"89","measuredH":"88","measuredW":"1","properties":{"color":"2848996","curvature":"0","direction":"top","leftArrow":"false","p0":{"x":1,"y":88,"length":88.0056816347672},"p1":{"x":0.40724273933309435,"y":0.00953746862674794,"length":0.4073544059505541},"p2":{"x":1,"y":0,"length":1},"rightArrow":"false","shape":"bezier","stroke":"dotted"},"typeID":"Arrow","w":"2","x":"934","y":"3133","zOrder":"15"},{"ID":"952","h":"50","measuredH":"140","measuredW":"200","properties":{"color":"16770457"},"typeID":"TextArea","w":"201","x":"634","y":"1916","zOrder":"266"},{"ID":"953","measuredH":"25","measuredW":"81","properties":{"bold":"true","size":"17","text":"CSS in JS"},"typeID":"Label","x":"694","y":"1929","zOrder":"267"},{"ID":"954","measuredH":"32","measuredW":"176","properties":{"align":"center","color":"16776960","size":"18","text":"Styled Components"},"typeID":"TextInput","w":"217","x":"971","y":"1903","zOrder":"268"},{"ID":"955","measuredH":"32","measuredW":"80","properties":{"align":"center","color":"16770457","size":"18","text":"Emotion"},"typeID":"TextInput","w":"218","x":"971","y":"1981","zOrder":"269"},{"ID":"956","measuredH":"32","measuredW":"125","properties":{"align":"center","color":"16776960","size":"18","text":"CSS Modules"},"typeID":"TextInput","w":"217","x":"971","y":"1942","zOrder":"270"},{"ID":"960","measuredH":"32","measuredW":"76","properties":{"align":"center","color":"16770457","size":"18","text":"Radium"},"typeID":"TextInput","w":"218","x":"971","y":"2020","zOrder":"271"},{"ID":"962","h":"11","measuredH":"10","measuredW":"155","properties":{"color":"2848996","curvature":"0","direction":"bottom","leftArrow":"false","p0":{"x":0,"y":10},"p1":{"x":0.47388515577275503,"y":0.0022907758094073837},"p2":{"x":155,"y":0},"rightArrow":"false","shape":"bezier","stroke":"dotted"},"typeID":"Arrow","w":"156","x":"827","y":"1919","zOrder":"16"},{"ID":"963","measuredH":"32","measuredW":"101","properties":{"align":"center","color":"16770457","size":"18","text":"Glamorous"},"typeID":"TextInput","w":"218","x":"972","y":"2059","zOrder":"272"},{"ID":"964","h":"26","measuredH":"25","measuredW":"171","properties":{"color":"2848996","curvature":"0","direction":"top","leftArrow":"false","p0":{"x":0,"y":0},"p1":{"x":0.47388515577275503,"y":0.0022907758094073837},"p2":{"x":171,"y":25},"rightArrow":"false","shape":"bezier","stroke":"dotted"},"typeID":"Arrow","w":"172","x":"822","y":"1934","zOrder":"14"},{"ID":"965","h":"56","measuredH":"55","measuredW":"168","properties":{"color":"2848996","curvature":"0","direction":"top","leftArrow":"false","p0":{"x":0,"y":0},"p1":{"x":0.47388515577275503,"y":0.0022907758094073837},"p2":{"x":168,"y":55},"rightArrow":"false","shape":"bezier","stroke":"dotted"},"typeID":"Arrow","w":"169","x":"822","y":"1941","zOrder":"13"},{"ID":"966","h":"92","measuredH":"91","measuredW":"160","properties":{"color":"2848996","curvature":"0","direction":"top","leftArrow":"false","p0":{"x":0,"y":0},"p1":{"x":0.47388515577275503,"y":0.0022907758094073837},"p2":{"x":160,"y":91},"rightArrow":"false","shape":"bezier","stroke":"dotted"},"typeID":"Arrow","w":"161","x":"824","y":"1945","zOrder":"12"},{"ID":"967","h":"124","measuredH":"123","measuredW":"155","properties":{"color":"2848996","curvature":"0","direction":"top","leftArrow":"false","p0":{"x":0,"y":0},"p1":{"x":0.4738851557727551,"y":0.002290775809407435},"p2":{"x":155,"y":123},"rightArrow":"false","shape":"bezier","stroke":"dotted"},"typeID":"Arrow","w":"156","x":"826","y":"1953","zOrder":"11"},{"ID":"968","h":"136","measuredH":"135","measuredW":"39","properties":{"color":"2848996","curvature":"1","direction":"bottom","leftArrow":"false","p0":{"x":39,"y":0},"p1":{"x":0.5161499405855028,"y":-0.21648482229664037},"p2":{"x":22,"y":135},"rightArrow":"false","shape":"bezier"},"typeID":"Arrow","w":"40","x":"685","y":"1949","zOrder":"10"},{"ID":"969","h":"199","measuredH":"198","measuredW":"176","properties":{"color":"2848996","curvature":"-1","direction":"bottom","leftArrow":"false","p0":{"x":22,"y":198},"p1":{"x":0.4301821712728801,"y":0.3472413443283431},"p2":{"x":176,"y":0},"rightArrow":"false","shape":"bezier"},"typeID":"Arrow","w":"177","x":"613","y":"2238","zOrder":"9"},{"ID":"977","h":"203","measuredH":"202","measuredW":"47","properties":{"color":"2848996","curvature":"-1","direction":"top","leftArrow":"false","p0":{"x":13,"y":202},"p1":{"x":0.5340419070756149,"y":-0.2047373215912542},"p2":{"x":0,"y":0},"rightArrow":"false","shape":"bezier"},"typeID":"Arrow","w":"48","x":"630","y":"2440","zOrder":"5"},{"ID":"978","measuredH":"25","measuredW":"244","properties":{"size":"17","text":"how browsers work, DNS, HTTP"},"typeID":"Label","w":"245","x":"187","y":"767","zOrder":"275"},{"ID":"979","h":"10","measuredH":"8","measuredW":"202","properties":{"color":"2848996","curvature":"-1","direction":"bottom","leftArrow":"false","p0":{"x":0,"y":8,"length":8},"p1":{"x":0.564183236848729,"y":0.021771960734960988,"length":0.5646031730475429},"p2":{"x":202,"y":3,"length":202.02227599945508},"rightArrow":"false","shape":"bezier","stroke":"dotted"},"typeID":"Arrow","w":"204","x":"920","y":"2241","zOrder":"4"},{"ID":"1011","children":{"controls":{"control":[{"ID":"0","h":"41","measuredH":"140","measuredW":"200","properties":{"color":"16776960"},"typeID":"TextArea","w":"199","x":"0","y":"0","zOrder":"0"},{"ID":"1","measuredH":"25","measuredW":"85","properties":{"size":"17","text":"TypeScript"},"typeID":"Label","w":"91","x":"54","y":"8","zOrder":"1"}]}},"h":"41","measuredH":"41","measuredW":"199","typeID":"__group__","w":"199","x":"243","y":"2387","zOrder":"273"},{"ID":"1012","children":{"controls":{"control":[{"ID":"0","h":"41","measuredH":"140","measuredW":"200","properties":{"color":"16770457"},"typeID":"TextArea","w":"199","x":"0","y":"0","zOrder":"0"},{"ID":"1","measuredH":"25","measuredW":"34","properties":{"size":"17","text":"Flow"},"typeID":"Label","w":"38","x":"81","y":"8","zOrder":"1"}]}},"h":"41","measuredH":"41","measuredW":"199","typeID":"__group__","w":"199","x":"243","y":"2435","zOrder":"274"},{"ID":"1044","children":{"controls":{"control":[{"ID":"0","h":"389","measuredH":"70","measuredW":"100","typeID":"Canvas","w":"228","x":"0","y":"0","zOrder":"0"},{"ID":"1","children":{"controls":{"control":[{"ID":"0","measuredH":"32","measuredW":"150","properties":{"align":"center","color":"16776960","size":"18","text":"Service Workers"},"typeID":"TextInput","w":"176","x":"0","y":"74","zOrder":"0"},{"ID":"1","measuredH":"32","measuredW":"78","properties":{"align":"center","color":"16776960","size":"18","text":"Storage"},"typeID":"TextInput","w":"176","x":"0","y":"0","zOrder":"1"},{"ID":"2","measuredH":"32","measuredW":"83","properties":{"align":"center","color":"16770457","size":"18","text":"Location"},"typeID":"TextInput","w":"176","x":"0","y":"111","zOrder":"2"},{"ID":"3","measuredH":"32","measuredW":"115","properties":{"align":"center","color":"16770457","size":"18","text":"Notifications"},"typeID":"TextInput","w":"176","x":"0","y":"149","zOrder":"3"},{"ID":"4","measuredH":"32","measuredW":"166","properties":{"align":"center","color":"16770457","size":"18","text":"Device Orientation"},"typeID":"TextInput","w":"176","x":"0","y":"186","zOrder":"4"},{"ID":"5","measuredH":"32","measuredW":"94","properties":{"align":"center","color":"16770457","size":"18","text":"Payments"},"typeID":"TextInput","w":"176","x":"0","y":"223","zOrder":"5"},{"ID":"6","measuredH":"32","measuredW":"109","properties":{"align":"center","color":"16770457","size":"18","text":"Credentials"},"typeID":"TextInput","w":"176","x":"0","y":"260","zOrder":"6"},{"ID":"7","measuredH":"32","measuredW":"121","properties":{"align":"center","color":"16776960","size":"18","text":"Web Sockets"},"typeID":"TextInput","w":"176","x":"0","y":"37","zOrder":"7"},{"ID":"8","measuredH":"25","measuredW":"155","properties":{"color":"0","size":"17","text":"Learn different Web"},"typeID":"Label","x":"11","y":"305","zOrder":"8"},{"ID":"9","measuredH":"25","measuredW":"147","properties":{"color":"0","size":"17","text":"APIs used in PWAs"},"typeID":"Label","x":"15","y":"331","zOrder":"9"}]}},"h":"356","measuredH":"356","measuredW":"176","typeID":"__group__","w":"176","x":"26","y":"15","zOrder":"1"}]}},"h":"389","measuredH":"389","measuredW":"228","typeID":"__group__","w":"228","x":"1088","y":"2128","zOrder":"276"},{"ID":"1045","measuredH":"32","measuredW":"67","properties":{"align":"center","color":"16770457","size":"18","text":"Mocha"},"typeID":"TextInput","w":"147","x":"153","y":"1989","zOrder":"215"},{"ID":"1046","measuredH":"32","measuredW":"51","properties":{"align":"center","color":"16770457","size":"18","text":"Chai"},"typeID":"TextInput","w":"147","x":"153","y":"2026","zOrder":"216"},{"ID":"1047","measuredH":"32","measuredW":"43","properties":{"align":"center","color":"16770457","size":"18","text":"Ava"},"typeID":"TextInput","w":"147","x":"153","y":"2064","zOrder":"217"},{"ID":"1048","measuredH":"32","measuredW":"69","properties":{"align":"center","color":"16770457","size":"18","text":"Karma"},"typeID":"TextInput","w":"147","x":"153","y":"2101","zOrder":"218"},{"ID":"1049","measuredH":"32","measuredW":"82","properties":{"align":"center","color":"16770457","size":"18","text":"Jasmine"},"typeID":"TextInput","w":"147","x":"153","y":"2139","zOrder":"219"},{"ID":"1051","measuredH":"32","measuredW":"97","properties":{"align":"center","color":"16770457","size":"18","text":"Protractor"},"typeID":"TextInput","w":"147","x":"154","y":"2178","zOrder":"220"},{"ID":"1060","children":{"controls":{"control":[{"ID":"0","h":"231","measuredH":"140","measuredW":"200","properties":{"color":"16777215"},"typeID":"TextArea","w":"194","x":"0","y":"0","zOrder":"0"},{"ID":"1","measuredH":"32","measuredW":"84","properties":{"align":"center","color":"16776960","size":"18","text":"Cypress"},"typeID":"TextInput","w":"147","x":"23","y":"92","zOrder":"1"},{"ID":"2","measuredH":"32","measuredW":"50","properties":{"align":"center","color":"16776960","size":"18","text":"Jest"},"typeID":"TextInput","w":"147","x":"23","y":"17","zOrder":"2"},{"ID":"3","measuredH":"32","measuredW":"81","properties":{"align":"center","color":"16776960","size":"18","text":"Enzyme"},"typeID":"TextInput","w":"147","x":"23","y":"54","zOrder":"3"},{"ID":"4","measuredH":"25","measuredW":"125","properties":{"size":"17","text":"You can fulfill all"},"typeID":"Label","x":"29","y":"140","zOrder":"4"},{"ID":"5","measuredH":"25","measuredW":"147","properties":{"size":"17","text":"your testing needs"},"typeID":"Label","x":"18","y":"165","zOrder":"5"},{"ID":"6","measuredH":"25","measuredW":"124","properties":{"size":"17","text":"with these three"},"typeID":"Label","x":"30","y":"190","zOrder":"6"}]}},"h":"231","measuredH":"231","measuredW":"194","typeID":"__group__","w":"194","x":"317","y":"1982","zOrder":"278"},{"ID":"1075","children":{"controls":{"control":[{"ID":"0","h":"281","measuredH":"70","measuredW":"100","typeID":"Canvas","w":"262","x":"0","y":"0","zOrder":"0"},{"ID":"1","measuredH":"32","measuredW":"124","properties":{"align":"center","color":"16776960","size":"18","text":"PRPL Pattern"},"typeID":"TextInput","w":"225","x":"20","y":"19","zOrder":"1"},{"ID":"2","measuredH":"32","measuredW":"109","properties":{"align":"center","color":"16776960","size":"18","text":"RAIL Model"},"typeID":"TextInput","w":"225","x":"20","y":"57","zOrder":"2"},{"ID":"3","measuredH":"32","measuredW":"186","properties":{"align":"center","color":"16776960","size":"18","text":"Performance Metrics"},"typeID":"TextInput","w":"225","x":"20","y":"95","zOrder":"3"},{"ID":"4","measuredH":"32","measuredW":"166","properties":{"align":"center","color":"16776960","size":"18","text":"Using Light House"},"typeID":"TextInput","w":"225","x":"20","y":"132","zOrder":"4"},{"ID":"5","measuredH":"32","measuredW":"142","properties":{"align":"center","color":"16776960","size":"18","text":"Using DevTools"},"typeID":"TextInput","w":"225","x":"20","y":"170","zOrder":"5"},{"ID":"6","children":{"controls":{"control":[{"ID":"0","measuredH":"25","measuredW":"177","properties":{"color":"0","size":"17","text":"Calculating, Measuring"},"typeID":"Label","w":"185","x":"20","y":"0","zOrder":"0"},{"ID":"1","measuredH":"25","measuredW":"214","properties":{"color":"0","size":"17","text":"and improving performance"},"typeID":"Label","w":"224","x":"0","y":"27","zOrder":"1"}]}},"h":"52","measuredH":"52","measuredW":"224","typeID":"__group__","w":"224","x":"20","y":"215","zOrder":"6"}]}},"h":"281","measuredH":"281","measuredW":"262","typeID":"__group__","w":"262","x":"789","y":"2316","zOrder":"277"},{"ID":"1076","h":"73","measuredH":"72","measuredW":"2","properties":{"color":"2848996","curvature":"1","direction":"top","leftArrow":"false","p0":{"x":0,"y":0,"length":0},"p1":{"x":0.564183236848729,"y":0.021771960734960995,"length":0.5646031730475429},"p2":{"x":1,"y":72,"length":72.00694410957877},"rightArrow":"false","shape":"bezier","stroke":"dotted"},"typeID":"Arrow","w":"3","x":"909","y":"2248","zOrder":"2"},{"ID":"1078","h":"126","measuredH":"140","measuredW":"200","properties":{"color":"16777215"},"typeID":"TextArea","w":"358","x":"153","y":"2227","zOrder":"279"},{"ID":"1079","measuredH":"32","measuredW":"98","properties":{"align":"center","color":"16776960","size":"18","text":"Functional"},"typeID":"TextInput","w":"117","x":"377","y":"2244","zOrder":"280"},{"ID":"1080","measuredH":"32","measuredW":"47","properties":{"align":"center","color":"16776960","size":"18","text":"Unit"},"typeID":"TextInput","w":"86","x":"167","y":"2244","zOrder":"281"},{"ID":"1081","measuredH":"32","measuredW":"101","properties":{"align":"center","color":"16776960","size":"18","text":"Integration"},"typeID":"TextInput","w":"113","x":"258","y":"2244","zOrder":"282"},{"ID":"1086","children":{"controls":{"control":[{"ID":"0","measuredH":"25","measuredW":"324","properties":{"size":"17","text":"Understand different types of testing and"},"typeID":"Label","w":"326","x":"0","y":"0","zOrder":"0"},{"ID":"1","measuredH":"25","measuredW":"301","properties":{"size":"17","text":"learn how to write these with the above"},"typeID":"Label","w":"302","x":"12","y":"26","zOrder":"1"}]}},"h":"51","measuredH":"51","measuredW":"326","typeID":"__group__","w":"326","x":"169","y":"2290","zOrder":"283"},{"ID":"1090","h":"17","measuredH":"16","measuredW":"72","properties":{"color":"2848996","curvature":"0","direction":"bottom","leftArrow":"false","p0":{"x":0,"y":16,"length":16},"p1":{"x":0.4835193355826628,"y":0.007267064624967561,"length":0.48357394275391136},"p2":{"x":72,"y":0,"length":72},"rightArrow":"false","shape":"bezier","stroke":"dotted"},"typeID":"Arrow","w":"73","x":"442","y":"2440","zOrder":"0"},{"ID":"1091","h":"32","measuredH":"31","measuredW":"110","properties":{"color":"2848996","curvature":"0","direction":"top","leftArrow":"false","p0":{"x":0,"y":0},"p1":{"x":0.4835193355826628,"y":0.0072670646249675735},"p2":{"x":110,"y":31},"rightArrow":"false","shape":"bezier","stroke":"dotted"},"typeID":"Arrow","w":"111","x":"416","y":"2405","zOrder":"1"}]},"measuredH":"3222","measuredW":"1326","mockupH":"3175","mockupW":"1177","version":"1.0"}}